{
  "dielectric_matrix": {
    "domain": {
      "a1": [
        0.3E+2,
        0.0E+0,
        0.0E+0
      ],
      "a2": [
        0.0E+0,
        0.3E+2,
        0.0E+0
      ],
      "a3": [
        0.0E+0,
        0.0E+0,
        0.3E+2
      ],
      "b1": [
        0.20943951023931953E+0,
        0.0E+0,
        0.0E+0
      ],
      "b2": [
        0.0E+0,
        0.20943951023931953E+0,
        0.0E+0
      ],
      "b3": [
        0.0E+0,
        0.0E+0,
        0.20943951023931953E+0
      ]
    },
    "pdep": [
      {
        "iq": 1,
        "q": [
          0.0E+0,
          0.0E+0,
          0.0E+0
        ],
        "eigenval": [
          -0.20232516201648378E+1,
          -0.87466517396258658E+0,
          -0.67016137778171447E+0,
          -0.63141367563727391E+0,
          -0.53588562694080732E+0,
          -0.44165210362137258E+0,
          -0.39764586357496873E+0,
          -0.29437632371472522E+0,
          -0.29293431909282164E+0,
          -0.27495065204048541E+0,
          -0.26876628707583228E+0,
          -0.25908622120173813E+0,
          -0.24818323273126694E+0,
          -0.22517401661987041E+0,
          -0.20325996035058175E+0,
          -0.19278687441205072E+0,
          -0.17288110410170482E+0,
          -0.16659106050461636E+0,
          -0.16109346182273779E+0,
          -0.14172638135652679E+0,
          -0.13883603872122519E+0,
          -0.13250535510241312E+0,
          -0.13109183265492669E+0,
          -0.13025305729431499E+0,
          -0.12732933059220614E+0,
          -0.94914108982731393E-1,
          -0.88017997729419387E-1,
          -0.81929296653782097E-1,
          -0.81087378210836003E-1,
          -0.80082995384520489E-1,
          -0.71906127464507294E-1,
          -0.71336201713736849E-1,
          -0.70343697476755992E-1,
          -0.61054292283713674E-1,
          -0.59935464979822925E-1,
          -0.58083916412930758E-1,
          -0.56851239341492776E-1,
          -0.56717645228952653E-1,
          -0.54581756247558302E-1,
          -0.54212015915637117E-1,
          -0.52293280972353667E-1,
          -0.49949873896240733E-1,
          -0.49205305518164523E-1,
          -0.488615941848261E-1,
          -0.46466145750990839E-1,
          -0.45233352527440797E-1,
          -0.39111686160959912E-1,
          -0.38633108794684311E-1,
          -0.38014285281144873E-1,
          -0.37885875476101401E-1
        ],
        "eigenvec": [
          "Q000000001E000000001.dat ",
          "Q000000001E000000002.dat ",
          "Q000000001E000000003.dat ",
          "Q000000001E000000004.dat ",
          "Q000000001E000000005.dat ",
          "Q000000001E000000006.dat ",
          "Q000000001E000000007.dat ",
          "Q000000001E000000008.dat ",
          "Q000000001E000000009.dat ",
          "Q000000001E000000010.dat ",
          "Q000000001E000000011.dat ",
          "Q000000001E000000012.dat ",
          "Q000000001E000000013.dat ",
          "Q000000001E000000014.dat ",
          "Q000000001E000000015.dat ",
          "Q000000001E000000016.dat ",
          "Q000000001E000000017.dat ",
          "Q000000001E000000018.dat ",
          "Q000000001E000000019.dat ",
          "Q000000001E000000020.dat ",
          "Q000000001E000000021.dat ",
          "Q000000001E000000022.dat ",
          "Q000000001E000000023.dat ",
          "Q000000001E000000024.dat ",
          "Q000000001E000000025.dat ",
          "Q000000001E000000026.dat ",
          "Q000000001E000000027.dat ",
          "Q000000001E000000028.dat ",
          "Q000000001E000000029.dat ",
          "Q000000001E000000030.dat ",
          "Q000000001E000000031.dat ",
          "Q000000001E000000032.dat ",
          "Q000000001E000000033.dat ",
          "Q000000001E000000034.dat ",
          "Q000000001E000000035.dat ",
          "Q000000001E000000036.dat ",
          "Q000000001E000000037.dat ",
          "Q000000001E000000038.dat ",
          "Q000000001E000000039.dat ",
          "Q000000001E000000040.dat ",
          "Q000000001E000000041.dat ",
          "Q000000001E000000042.dat ",
          "Q000000001E000000043.dat ",
          "Q000000001E000000044.dat ",
          "Q000000001E000000045.dat ",
          "Q000000001E000000046.dat ",
          "Q000000001E000000047.dat ",
          "Q000000001E000000048.dat ",
          "Q000000001E000000049.dat ",
          "Q000000001E000000050.dat "
        ]
      }
    ]
  }
}
