{
  "dielectric_matrix": {
    "domain": {
      "a1": [
        0.3E+2,
        0.0E+0,
        0.0E+0
      ],
      "a2": [
        0.0E+0,
        0.3E+2,
        0.0E+0
      ],
      "a3": [
        0.0E+0,
        0.0E+0,
        0.3E+2
      ],
      "b1": [
        0.20943951023931953E+0,
        0.0E+0,
        0.0E+0
      ],
      "b2": [
        0.0E+0,
        0.20943951023931953E+0,
        0.0E+0
      ],
      "b3": [
        0.0E+0,
        0.0E+0,
        0.20943951023931953E+0
      ]
    },
    "pdep": [
      {
        "iq": 1,
        "q": [
          0.0E+0,
          0.0E+0,
          0.0E+0
        ],
        "eigenval": [
          -0.25079390614955899E+1,
          -0.10630615145019779E+1,
          -0.7758925576934399E+0,
          -0.73747520471758321E+0,
          -0.62302457319944693E+0,
          -0.51556864830941096E+0,
          -0.48781758202577535E+0,
          -0.34950110312898564E+0,
          -0.34077426264281147E+0,
          -0.31898837980542488E+0,
          -0.30151811360344111E+0,
          -0.29073281444121879E+0,
          -0.28644069011943635E+0,
          -0.25385046308131481E+0,
          -0.2281021356887277E+0,
          -0.21396446207302378E+0,
          -0.19176810973078556E+0,
          -0.18468643629542772E+0,
          -0.17838222674244078E+0,
          -0.15541660489379536E+0,
          -0.15284546131918728E+0,
          -0.14676628685853513E+0,
          -0.14488875722324918E+0,
          -0.1441954753136156E+0,
          -0.13943264114803872E+0,
          -0.1046951131556263E+0,
          -0.95627843386589195E-1,
          -0.90418257010569755E-1,
          -0.89767901558556351E-1,
          -0.85900795922421017E-1,
          -0.77290712579593288E-1,
          -0.76471896431163602E-1,
          -0.75708434780123221E-1,
          -0.65488301032326085E-1,
          -0.63627525678023378E-1,
          -0.61732223546325335E-1,
          -0.61312306941678787E-1,
          -0.59848060757292432E-1,
          -0.58466434538148107E-1,
          -0.57664444617996406E-1,
          -0.55856630799777152E-1,
          -0.53309211965371014E-1,
          -0.52717775679364996E-1,
          -0.51956266232729427E-1,
          -0.49165279626229838E-1,
          -0.48388850763945238E-1,
          -0.4183438424358514E-1,
          -0.41416998214039727E-1,
          -0.40969525442927826E-1,
          -0.40496712333530215E-1
        ],
        "eigenvec": [
          "Q000000001E000000001.dat ",
          "Q000000001E000000002.dat ",
          "Q000000001E000000003.dat ",
          "Q000000001E000000004.dat ",
          "Q000000001E000000005.dat ",
          "Q000000001E000000006.dat ",
          "Q000000001E000000007.dat ",
          "Q000000001E000000008.dat ",
          "Q000000001E000000009.dat ",
          "Q000000001E000000010.dat ",
          "Q000000001E000000011.dat ",
          "Q000000001E000000012.dat ",
          "Q000000001E000000013.dat ",
          "Q000000001E000000014.dat ",
          "Q000000001E000000015.dat ",
          "Q000000001E000000016.dat ",
          "Q000000001E000000017.dat ",
          "Q000000001E000000018.dat ",
          "Q000000001E000000019.dat ",
          "Q000000001E000000020.dat ",
          "Q000000001E000000021.dat ",
          "Q000000001E000000022.dat ",
          "Q000000001E000000023.dat ",
          "Q000000001E000000024.dat ",
          "Q000000001E000000025.dat ",
          "Q000000001E000000026.dat ",
          "Q000000001E000000027.dat ",
          "Q000000001E000000028.dat ",
          "Q000000001E000000029.dat ",
          "Q000000001E000000030.dat ",
          "Q000000001E000000031.dat ",
          "Q000000001E000000032.dat ",
          "Q000000001E000000033.dat ",
          "Q000000001E000000034.dat ",
          "Q000000001E000000035.dat ",
          "Q000000001E000000036.dat ",
          "Q000000001E000000037.dat ",
          "Q000000001E000000038.dat ",
          "Q000000001E000000039.dat ",
          "Q000000001E000000040.dat ",
          "Q000000001E000000041.dat ",
          "Q000000001E000000042.dat ",
          "Q000000001E000000043.dat ",
          "Q000000001E000000044.dat ",
          "Q000000001E000000045.dat ",
          "Q000000001E000000046.dat ",
          "Q000000001E000000047.dat ",
          "Q000000001E000000048.dat ",
          "Q000000001E000000049.dat ",
          "Q000000001E000000050.dat "
        ]
      }
    ]
  }
}
